Index, action count, go forward(go), turn right, turn left, suck up,  cleaned cell(0)
38,1365,478,311,476,100,100
44,1424,465,256,603,100,100
40,1484,503,291,590,100,100
6,1586,541,323,622,100,100
37,1670,583,320,667,100,100
21,1735,594,316,725,100,100
4,1797,632,345,720,100,100
18,1877,654,325,798,100,100
42,1995,698,356,841,100,100
1,2000,682,376,843,99,99
12,2000,714,346,841,99,99
19,2000,697,371,833,99,99
22,2000,693,378,830,99,99
28,2000,710,380,811,99,99
34,2000,684,386,831,99,99
46,2000,689,388,824,99,99
48,2000,719,398,784,99,99
2,2000,699,377,826,98,98
5,2000,711,393,798,98,98
7,2000,676,351,875,98,98
8,2000,710,377,815,98,98
9,2000,703,398,801,98,98
10,2000,721,333,848,98,98
14,2000,697,342,863,98,98
15,2000,687,368,847,98,98
26,2000,716,400,786,98,98
36,2000,674,353,875,98,98
45,2000,679,362,862,97,97
11,2000,716,369,819,96,96
24,2000,701,313,890,96,96
30,2000,687,382,835,96,96
35,2000,725,367,812,96,96
43,2000,697,370,837,96,96
50,2000,734,399,771,96,96
13,2000,706,374,825,95,95
25,2000,718,371,816,95,95
47,2000,721,360,824,95,95
16,2000,715,384,807,94,94
49,2000,705,376,825,94,94
33,2000,701,398,808,93,93
41,2000,688,374,845,93,93
23,2000,693,361,854,92,92
27,2000,669,381,858,92,92
29,2000,701,376,831,92,92
39,2000,678,381,852,89,89
17,2000,683,386,843,88,88
31,2000,721,370,822,87,87
32,2000,692,429,793,86,86
20,2000,703,377,835,85,85
3,2000,751,386,780,83,83
,,,,,,95.96
       Index: 1,,,,,,83
0 0 0 0 0 0 0 0 0 0 ,,,,,,
0 0 0 0 0 0 0 0 0 0 ,,,,,,
0 0 0 0 0 0 0 0 0 0 ,,,,,,
0 0 0 0 0 0 0 0 0 0 ,,,,,,
0 0 0 0 0 0 0 0 0 0 ,,,,,,
0 0 0 0 0 0 0 0 0 0 ,,,,,,
0 0 0 0 0 0 0 0 0 0 ,,,,,,
0 0 0 0 0 0 0 0 0 0 ,,,,,,
0 0 0 0 0 0 0 0 0 0 ,,,,,,
0 0 0 0 0 0 0 0 0 0 ,,,,,,
Index: 2,,,,,,
0 0 0 0 0 0 0 0 0 0 ,,,,,,
0 0 0 0 0 0 0 0 0 0 ,,,,,,
0 0 0 0 0 0 0 0 0 0 ,,,,,,
0 0 0 0 0 0 0 0 0 0 ,,,,,,
0 0 0 0 0 0 0 0 0 0 ,,,,,,
0 0 0 0 0 0 0 0 0 0 ,,,,,,
0 0 0 0 0 0 0 0 0 0 ,,,,,,
0 0 0 0 0 0 0 0 0 0 ,,,,,,
0 0 0 0 0 0 0 0 0 0 ,,,,,,
0 0 0 0 0 0 0 0 0 0 ,,,,,,
Index: 3,,,,,,
0 0 0 0 0 0 0 0 0 0 ,,,,,,
0 0 0 0 0 0 0 0 0 0 ,,,,,,
0 0 0 0 0 0 0 0 0 0 ,,,,,,
0 0 0 0 0 0 0 0 0 0 ,,,,,,
0 0 0 0 0 0 0 0 0 0 ,,,,,,
0 0 0 0 0 0 0 0 0 0 ,,,,,,
0 0 0 0 0 0 0 0 0 0 ,,,,,,
0 0 0 0 0 0 0 0 0 0 ,,,,,,
0 0 0 0 0 0 0 0 0 0 ,,,,,,
0 0 0 0 0 0 0 0 0 0 ,,,,,,
Index: 4,,,,,,
0 0 0 0 0 0 0 0 0 0 ,,,,,,
0 0 0 0 0 0 0 0 0 0 ,,,,,,
0 0 0 0 0 0 0 0 0 0 ,,,,,,
0 0 0 0 0 0 0 0 0 0 ,,,,,,
0 0 0 0 0 0 0 0 0 0 ,,,,,,
0 0 0 0 0 0 0 0 0 0 ,,,,,,
0 0 0 0 0 0 0 0 0 0 ,,,,,,
0 0 0 0 0 0 0 0 0 0 ,,,,,,
0 0 0 0 0 0 0 0 0 0 ,,,,,,
0 0 0 0 0 0 0 0 0 0 ,,,,,,
Index: 5,,,,,,
0 0 0 0 0 0 0 0 0 0 ,,,,,,
0 0 0 0 0 0 0 0 0 0 ,,,,,,
0 0 0 0 0 0 0 0 0 0 ,,,,,,
0 0 0 0 0 0 0 0 0 0 ,,,,,,
0 0 0 0 0 0 0 0 0 0 ,,,,,,
0 0 0 0 0 0 0 0 0 0 ,,,,,,
0 0 0 0 0 0 0 0 0 0 ,,,,,,
0 0 0 0 0 0 0 0 0 0 ,,,,,,
0 0 0 0 0 0 0 0 0 0 ,,,,,,
0 0 0 0 0 0 0 0 0 0 ,,,,,,
Index: 6,,,,,,
0 0 0 0 0 0 0 0 0 0 ,,,,,,
0 0 0 0 0 0 0 0 0 0 ,,,,,,
0 0 0 0 0 0 0 0 0 0 ,,,,,,
0 0 0 0 0 0 0 0 0 0 ,,,,,,
0 0 0 0 0 0 0 0 0 0 ,,,,,,
0 0 0 0 0 0 0 0 0 0 ,,,,,,
0 0 0 0 0 0 0 0 0 0 ,,,,,,
0 0 0 0 0 0 0 0 0 0 ,,,,,,
0 0 0 0 0 0 0 0 0 0 ,,,,,,
0 0 0 0 0 0 0 0 0 0 ,,,,,,
Index: 7,,,,,,
0 0 0 0 0 0 0 0 0 0 ,,,,,,
0 0 0 0 0 0 0 0 0 0 ,,,,,,
0 0 0 0 0 0 0 0 0 0 ,,,,,,
0 0 0 0 0 0 0 0 0 0 ,,,,,,
0 0 0 0 0 0 0 0 0 0 ,,,,,,
0 0 0 0 0 0 0 0 0 0 ,,,,,,
0 0 0 0 0 0 0 0 0 0 ,,,,,,
0 0 0 0 0 0 0 0 0 0 ,,,,,,
0 0 0 0 0 0 0 0 0 0 ,,,,,,
0 0 0 0 0 0 0 0 0 0 ,,,,,,
Index: 8,,,,,,
0 0 0 0 0 0 0 0 0 0 ,,,,,,
0 0 0 0 0 0 0 0 0 0 ,,,,,,
0 0 0 0 0 0 0 0 0 0 ,,,,,,
0 0 0 0 0 0 0 0 0 0 ,,,,,,
0 0 0 0 0 0 0 0 0 0 ,,,,,,
0 0 0 0 0 0 0 0 0 0 ,,,,,,
0 0 0 0 0 0 0 0 0 0 ,,,,,,
0 0 0 0 0 0 0 0 0 0 ,,,,,,
0 0 0 0 0 0 0 0 0 0 ,,,,,,
0 0 0 0 0 0 0 0 0 0 ,,,,,,
Index: 9,,,,,,
0 0 0 0 0 0 0 0 0 0 ,,,,,,
0 0 0 0 0 0 0 0 0 0 ,,,,,,
0 0 0 0 0 0 0 0 0 0 ,,,,,,
0 0 0 0 0 0 0 0 0 0 ,,,,,,
0 0 0 0 0 0 0 0 0 0 ,,,,,,
0 0 0 0 0 0 0 0 0 0 ,,,,,,
0 0 0 0 0 0 0 0 0 0 ,,,,,,
0 0 0 0 0 0 0 0 0 0 ,,,,,,
0 0 0 0 0 0 0 0 0 0 ,,,,,,
0 0 0 0 0 0 0 0 0 0 ,,,,,,
Index: 10,,,,,,
0 0 0 0 0 0 0 0 0 0 ,,,,,,
0 0 0 0 0 0 0 0 0 0 ,,,,,,
0 0 0 0 0 0 0 0 0 0 ,,,,,,
0 0 0 0 0 0 0 0 0 0 ,,,,,,
0 0 0 0 0 0 0 0 0 0 ,,,,,,
0 0 0 0 0 0 0 0 0 0 ,,,,,,
0 0 0 0 0 0 0 0 0 0 ,,,,,,
0 0 0 0 0 0 0 0 0 0 ,,,,,,
0 0 0 0 0 0 0 0 0 0 ,,,,,,
0 0 0 0 0 0 0 0 0 0 ,,,,,,
Index: 11,,,,,,
0 0 0 0 0 0 0 0 0 0 ,,,,,,
0 0 0 0 0 0 0 0 0 0 ,,,,,,
0 0 0 0 0 0 0 0 0 0 ,,,,,,
0 0 0 0 0 0 0 0 0 0 ,,,,,,
0 0 0 0 0 0 0 0 0 0 ,,,,,,
0 0 0 0 0 0 0 0 0 0 ,,,,,,
0 0 0 0 0 0 0 0 0 0 ,,,,,,
0 0 0 0 0 0 0 0 0 0 ,,,,,,
0 0 0 0 0 0 0 0 0 0 ,,,,,,
0 0 0 0 0 0 0 0 0 0 ,,,,,,
Index: 12,,,,,,
0 0 0 0 0 0 0 0 0 0 ,,,,,,
0 0 0 0 0 0 0 0 0 0 ,,,,,,
0 0 0 0 0 0 0 0 0 0 ,,,,,,
0 0 0 0 0 0 0 0 0 0 ,,,,,,
0 0 0 0 0 0 0 0 0 0 ,,,,,,
0 0 0 0 0 0 0 0 0 0 ,,,,,,
0 0 0 0 0 0 0 0 0 0 ,,,,,,
0 0 0 0 0 0 0 0 0 0 ,,,,,,
0 0 0 0 0 0 0 0 0 0 ,,,,,,
0 0 0 0 0 0 0 0 0 0 ,,,,,,
Index: 13,,,,,,
0 0 0 0 0 0 0 0 0 0 ,,,,,,
0 0 0 0 0 0 0 0 0 0 ,,,,,,
0 0 0 0 0 0 0 0 0 0 ,,,,,,
0 0 0 0 0 0 0 0 0 0 ,,,,,,
0 0 0 0 0 0 0 0 0 0 ,,,,,,
0 0 0 0 0 0 0 0 0 0 ,,,,,,
0 0 0 0 0 0 0 0 0 0 ,,,,,,
0 0 0 0 0 0 0 0 0 0 ,,,,,,
0 0 0 0 0 0 0 0 0 0 ,,,,,,
0 0 0 0 0 0 0 0 0 0 ,,,,,,
Index: 14,,,,,,
0 0 0 0 0 0 0 0 0 0 ,,,,,,
0 0 0 0 0 0 0 0 0 0 ,,,,,,
0 0 0 0 0 0 0 0 0 0 ,,,,,,
0 0 0 0 0 0 0 0 0 0 ,,,,,,
0 0 0 0 0 0 0 0 0 0 ,,,,,,
0 0 0 0 0 0 0 0 0 0 ,,,,,,
0 0 0 0 0 0 0 0 0 0 ,,,,,,
0 0 0 0 0 0 0 0 0 0 ,,,,,,
0 0 0 0 0 0 0 0 0 0 ,,,,,,
0 0 0 0 0 0 0 0 0 0 ,,,,,,
Index: 15,,,,,,
0 0 0 0 0 0 0 0 0 0 ,,,,,,
0 0 0 0 0 0 0 0 0 0 ,,,,,,
0 0 0 0 0 0 0 0 0 0 ,,,,,,
0 0 0 0 0 0 0 0 0 0 ,,,,,,
0 0 0 0 0 0 0 0 0 0 ,,,,,,
0 0 0 0 0 0 0 0 0 0 ,,,,,,
0 0 0 0 0 0 0 0 0 0 ,,,,,,
0 0 0 0 0 0 0 0 0 0 ,,,,,,
0 0 0 0 0 0 0 0 0 0 ,,,,,,
0 0 0 0 0 0 0 0 0 0 ,,,,,,
Index: 16,,,,,,
0 0 0 0 0 0 0 0 0 0 ,,,,,,
0 0 0 0 0 0 0 0 0 0 ,,,,,,
0 0 0 0 0 0 0 0 0 0 ,,,,,,
0 0 0 0 0 0 0 0 0 0 ,,,,,,
0 0 0 0 0 0 0 0 0 0 ,,,,,,
0 0 0 0 0 0 0 0 0 0 ,,,,,,
0 0 0 0 0 0 0 0 0 0 ,,,,,,
0 0 0 0 0 0 0 0 0 0 ,,,,,,
0 0 0 0 0 0 0 0 0 0 ,,,,,,
0 0 0 0 0 0 0 0 0 0 ,,,,,,
Index: 17,,,,,,
0 0 0 0 0 0 0 0 0 0 ,,,,,,
0 0 0 0 0 0 0 0 0 0 ,,,,,,
0 0 0 0 0 0 0 0 0 0 ,,,,,,
0 0 0 0 0 0 0 0 0 0 ,,,,,,
0 0 0 0 0 0 0 0 0 0 ,,,,,,
0 0 0 0 0 0 0 0 0 0 ,,,,,,
0 0 0 0 0 0 0 0 0 0 ,,,,,,
0 0 0 0 0 0 0 0 0 0 ,,,,,,
0 0 0 0 0 0 0 0 0 0 ,,,,,,
0 0 0 0 0 0 0 0 0 0 ,,,,,,
Index: 18,,,,,,
0 0 0 0 0 0 0 0 0 0 ,,,,,,
0 0 0 0 0 0 0 0 0 0 ,,,,,,
0 0 0 0 0 0 0 0 0 0 ,,,,,,
0 0 0 0 0 0 0 0 0 0 ,,,,,,
0 0 0 0 0 0 0 0 0 0 ,,,,,,
0 0 0 0 0 0 0 0 0 0 ,,,,,,
0 0 0 0 0 0 0 0 0 0 ,,,,,,
0 0 0 0 0 0 0 0 0 0 ,,,,,,
0 0 0 0 0 0 0 0 0 0 ,,,,,,
0 0 0 0 0 0 0 0 0 0 ,,,,,,
Index: 19,,,,,,
0 0 0 0 0 0 0 0 0 0 ,,,,,,
0 0 0 0 0 0 0 0 0 0 ,,,,,,
0 0 0 0 0 0 0 0 0 0 ,,,,,,
0 0 0 0 0 0 0 0 0 0 ,,,,,,
0 0 0 0 0 0 0 0 0 0 ,,,,,,
0 0 0 0 0 0 0 0 0 0 ,,,,,,
0 0 0 0 0 0 0 0 0 0 ,,,,,,
0 0 0 0 0 0 0 0 0 0 ,,,,,,
0 0 0 0 0 0 0 0 0 0 ,,,,,,
0 0 0 0 0 0 0 0 0 0 ,,,,,,
Index: 20,,,,,,
0 0 0 0 0 0 0 0 0 0 ,,,,,,
0 0 0 0 0 0 0 0 0 0 ,,,,,,
0 0 0 0 0 0 0 0 0 0 ,,,,,,
0 0 0 0 0 0 0 0 0 0 ,,,,,,
0 0 0 0 0 0 0 0 0 0 ,,,,,,
0 0 0 0 0 0 0 0 0 0 ,,,,,,
0 0 0 0 0 0 0 0 0 0 ,,,,,,
0 0 0 0 0 0 0 0 0 0 ,,,,,,
0 0 0 0 0 0 0 0 0 0 ,,,,,,
0 0 0 0 0 0 0 0 0 0 ,,,,,,
Index: 21,,,,,,
0 0 0 0 0 0 0 0 0 0 ,,,,,,
0 0 0 0 0 0 0 0 0 0 ,,,,,,
0 0 0 0 0 0 0 0 0 0 ,,,,,,
0 0 0 0 0 0 0 0 0 0 ,,,,,,
0 0 0 0 0 0 0 0 0 0 ,,,,,,
0 0 0 0 0 0 0 0 0 0 ,,,,,,
0 0 0 0 0 0 0 0 0 0 ,,,,,,
0 0 0 0 0 0 0 0 0 0 ,,,,,,
0 0 0 0 0 0 0 0 0 0 ,,,,,,
0 0 0 0 0 0 0 0 0 0 ,,,,,,
Index: 22,,,,,,
0 0 0 0 0 0 0 0 0 0 ,,,,,,
0 0 0 0 0 0 0 0 0 0 ,,,,,,
0 0 0 0 0 0 0 0 0 0 ,,,,,,
0 0 0 0 0 0 0 0 0 0 ,,,,,,
0 0 0 0 0 0 0 0 0 0 ,,,,,,
0 0 0 0 0 0 0 0 0 0 ,,,,,,
0 0 0 0 0 0 0 0 0 0 ,,,,,,
0 0 0 0 0 0 0 0 0 0 ,,,,,,
0 0 0 0 0 0 0 0 0 0 ,,,,,,
0 0 0 0 0 0 0 0 0 0 ,,,,,,
Index: 23,,,,,,
0 0 0 0 0 0 0 0 0 0 ,,,,,,
0 0 0 0 0 0 0 0 0 0 ,,,,,,
0 0 0 0 0 0 0 0 0 0 ,,,,,,
0 0 0 0 0 0 0 0 0 0 ,,,,,,
0 0 0 0 0 0 0 0 0 0 ,,,,,,
0 0 0 0 0 0 0 0 0 0 ,,,,,,
0 0 0 0 0 0 0 0 0 0 ,,,,,,
0 0 0 0 0 0 0 0 0 0 ,,,,,,
0 0 0 0 0 0 0 0 0 0 ,,,,,,
0 0 0 0 0 0 0 0 0 0 ,,,,,,
Index: 24,,,,,,
0 0 0 0 0 0 0 0 0 0 ,,,,,,
0 0 0 0 0 0 0 0 0 0 ,,,,,,
0 0 0 0 0 0 0 0 0 0 ,,,,,,
0 0 0 0 0 0 0 0 0 0 ,,,,,,
0 0 0 0 0 0 0 0 0 0 ,,,,,,
0 0 0 0 0 0 0 0 0 0 ,,,,,,
0 0 0 0 0 0 0 0 0 0 ,,,,,,
0 0 0 0 0 0 0 0 0 0 ,,,,,,
0 0 0 0 0 0 0 0 0 0 ,,,,,,
0 0 0 0 0 0 0 0 0 0 ,,,,,,
Index: 25,,,,,,
0 0 0 0 0 0 0 0 0 0 ,,,,,,
0 0 0 0 0 0 0 0 0 0 ,,,,,,
0 0 0 0 0 0 0 0 0 0 ,,,,,,
0 0 0 0 0 0 0 0 0 0 ,,,,,,
0 0 0 0 0 0 0 0 0 0 ,,,,,,
0 0 0 0 0 0 0 0 0 0 ,,,,,,
0 0 0 0 0 0 0 0 0 0 ,,,,,,
0 0 0 0 0 0 0 0 0 0 ,,,,,,
0 0 0 0 0 0 0 0 0 0 ,,,,,,
0 0 0 0 0 0 0 0 0 0 ,,,,,,
Index: 26,,,,,,
0 0 0 0 0 0 0 0 0 0 ,,,,,,
0 0 0 0 0 0 0 0 0 0 ,,,,,,
0 0 0 0 0 0 0 0 0 0 ,,,,,,
0 0 0 0 0 0 0 0 0 0 ,,,,,,
0 0 0 0 0 0 0 0 0 0 ,,,,,,
0 0 0 0 0 0 0 0 0 0 ,,,,,,
0 0 0 0 0 0 0 0 0 0 ,,,,,,
0 0 0 0 0 0 0 0 0 0 ,,,,,,
0 0 0 0 0 0 0 0 0 0 ,,,,,,
0 0 0 0 0 0 0 0 0 0 ,,,,,,
Index: 27,,,,,,
0 0 0 0 0 0 0 0 0 0 ,,,,,,
0 0 0 0 0 0 0 0 0 0 ,,,,,,
0 0 0 0 0 0 0 0 0 0 ,,,,,,
0 0 0 0 0 0 0 0 0 0 ,,,,,,
0 0 0 0 0 0 0 0 0 0 ,,,,,,
0 0 0 0 0 0 0 0 0 0 ,,,,,,
0 0 0 0 0 0 0 0 0 0 ,,,,,,
0 0 0 0 0 0 0 0 0 0 ,,,,,,
0 0 0 0 0 0 0 0 0 0 ,,,,,,
0 0 0 0 0 0 0 0 0 0 ,,,,,,
Index: 28,,,,,,
0 0 0 0 0 0 0 0 0 0 ,,,,,,
0 0 0 0 0 0 0 0 0 0 ,,,,,,
0 0 0 0 0 0 0 0 0 0 ,,,,,,
0 0 0 0 0 0 0 0 0 0 ,,,,,,
0 0 0 0 0 0 0 0 0 0 ,,,,,,
0 0 0 0 0 0 0 0 0 0 ,,,,,,
0 0 0 0 0 0 0 0 0 0 ,,,,,,
0 0 0 0 0 0 0 0 0 0 ,,,,,,
0 0 0 0 0 0 0 0 0 0 ,,,,,,
0 0 0 0 0 0 0 0 0 0 ,,,,,,
Index: 29,,,,,,
0 0 0 0 0 0 0 0 0 0 ,,,,,,
0 0 0 0 0 0 0 0 0 0 ,,,,,,
0 0 0 0 0 0 0 0 0 0 ,,,,,,
0 0 0 0 0 0 0 0 0 0 ,,,,,,
0 0 0 0 0 0 0 0 0 0 ,,,,,,
0 0 0 0 0 0 0 0 0 0 ,,,,,,
0 0 0 0 0 0 0 0 0 0 ,,,,,,
0 0 0 0 0 0 0 0 0 0 ,,,,,,
0 0 0 0 0 0 0 0 0 0 ,,,,,,
0 0 0 0 0 0 0 0 0 0 ,,,,,,
Index: 30,,,,,,
0 0 0 0 0 0 0 0 0 0 ,,,,,,
0 0 0 0 0 0 0 0 0 0 ,,,,,,
0 0 0 0 0 0 0 0 0 0 ,,,,,,
0 0 0 0 0 0 0 0 0 0 ,,,,,,
0 0 0 0 0 0 0 0 0 0 ,,,,,,
0 0 0 0 0 0 0 0 0 0 ,,,,,,
0 0 0 0 0 0 0 0 0 0 ,,,,,,
0 0 0 0 0 0 0 0 0 0 ,,,,,,
0 0 0 0 0 0 0 0 0 0 ,,,,,,
0 0 0 0 0 0 0 0 0 0 ,,,,,,
Index: 31,,,,,,
0 0 0 0 0 0 0 0 0 0 ,,,,,,
0 0 0 0 0 0 0 0 0 0 ,,,,,,
0 0 0 0 0 0 0 0 0 0 ,,,,,,
0 0 0 0 0 0 0 0 0 0 ,,,,,,
0 0 0 0 0 0 0 0 0 0 ,,,,,,
0 0 0 0 0 0 0 0 0 0 ,,,,,,
0 0 0 0 0 0 0 0 0 0 ,,,,,,
0 0 0 0 0 0 0 0 0 0 ,,,,,,
0 0 0 0 0 0 0 0 0 0 ,,,,,,
0 0 0 0 0 0 0 0 0 0 ,,,,,,
Index: 32,,,,,,
0 0 0 0 0 0 0 0 0 0 ,,,,,,
0 0 0 0 0 0 0 0 0 0 ,,,,,,
0 0 0 0 0 0 0 0 0 0 ,,,,,,
0 0 0 0 0 0 0 0 0 0 ,,,,,,
0 0 0 0 0 0 0 0 0 0 ,,,,,,
0 0 0 0 0 0 0 0 0 0 ,,,,,,
0 0 0 0 0 0 0 0 0 0 ,,,,,,
0 0 0 0 0 0 0 0 0 0 ,,,,,,
0 0 0 0 0 0 0 0 0 0 ,,,,,,
0 0 0 0 0 0 0 0 0 0 ,,,,,,
Index: 33,,,,,,
0 0 0 0 0 0 0 0 0 0 ,,,,,,
0 0 0 0 0 0 0 0 0 0 ,,,,,,
0 0 0 0 0 0 0 0 0 0 ,,,,,,
0 0 0 0 0 0 0 0 0 0 ,,,,,,
0 0 0 0 0 0 0 0 0 0 ,,,,,,
0 0 0 0 0 0 0 0 0 0 ,,,,,,
0 0 0 0 0 0 0 0 0 0 ,,,,,,
0 0 0 0 0 0 0 0 0 0 ,,,,,,
0 0 0 0 0 0 0 0 0 0 ,,,,,,
0 0 0 0 0 0 0 0 0 0 ,,,,,,
Index: 34,,,,,,
0 0 0 0 0 0 0 0 0 0 ,,,,,,
0 0 0 0 0 0 0 0 0 0 ,,,,,,
0 0 0 0 0 0 0 0 0 0 ,,,,,,
0 0 0 0 0 0 0 0 0 0 ,,,,,,
0 0 0 0 0 0 0 0 0 0 ,,,,,,
0 0 0 0 0 0 0 0 0 0 ,,,,,,
0 0 0 0 0 0 0 0 0 0 ,,,,,,
0 0 0 0 0 0 0 0 0 0 ,,,,,,
0 0 0 0 0 0 0 0 0 0 ,,,,,,
0 0 0 0 0 0 0 0 0 0 ,,,,,,
Index: 35,,,,,,
0 0 0 0 0 0 0 0 0 0 ,,,,,,
0 0 0 0 0 0 0 0 0 0 ,,,,,,
0 0 0 0 0 0 0 0 0 0 ,,,,,,
0 0 0 0 0 0 0 0 0 0 ,,,,,,
0 0 0 0 0 0 0 0 0 0 ,,,,,,
0 0 0 0 0 0 0 0 0 0 ,,,,,,
0 0 0 0 0 0 0 0 0 0 ,,,,,,
0 0 0 0 0 0 0 0 0 0 ,,,,,,
0 0 0 0 0 0 0 0 0 0 ,,,,,,
0 0 0 0 0 0 0 0 0 0 ,,,,,,
Index: 36,,,,,,
0 0 0 0 0 0 0 0 0 0 ,,,,,,
0 0 0 0 0 0 0 0 0 0 ,,,,,,
0 0 0 0 0 0 0 0 0 0 ,,,,,,
0 0 0 0 0 0 0 0 0 0 ,,,,,,
0 0 0 0 0 0 0 0 0 0 ,,,,,,
0 0 0 0 0 0 0 0 0 0 ,,,,,,
0 0 0 0 0 0 0 0 0 0 ,,,,,,
0 0 0 0 0 0 0 0 0 0 ,,,,,,
0 0 0 0 0 0 0 0 0 0 ,,,,,,
0 0 0 0 0 0 0 0 0 0 ,,,,,,
Index: 37,,,,,,
0 0 0 0 0 0 0 0 0 0 ,,,,,,
0 0 0 0 0 0 0 0 0 0 ,,,,,,
0 0 0 0 0 0 0 0 0 0 ,,,,,,
0 0 0 0 0 0 0 0 0 0 ,,,,,,
0 0 0 0 0 0 0 0 0 0 ,,,,,,
0 0 0 0 0 0 0 0 0 0 ,,,,,,
0 0 0 0 0 0 0 0 0 0 ,,,,,,
0 0 0 0 0 0 0 0 0 0 ,,,,,,
0 0 0 0 0 0 0 0 0 0 ,,,,,,
0 0 0 0 0 0 0 0 0 0 ,,,,,,
Index: 38,,,,,,
0 0 0 0 0 0 0 0 0 0 ,,,,,,
0 0 0 0 0 0 0 0 0 0 ,,,,,,
0 0 0 0 0 0 0 0 0 0 ,,,,,,
0 0 0 0 0 0 0 0 0 0 ,,,,,,
0 0 0 0 0 0 0 0 0 0 ,,,,,,
0 0 0 0 0 0 0 0 0 0 ,,,,,,
0 0 0 0 0 0 0 0 0 0 ,,,,,,
0 0 0 0 0 0 0 0 0 0 ,,,,,,
0 0 0 0 0 0 0 0 0 0 ,,,,,,
0 0 0 0 0 0 0 0 0 0 ,,,,,,
Index: 39,,,,,,
0 0 0 0 0 0 0 0 0 0 ,,,,,,
0 0 0 0 0 0 0 0 0 0 ,,,,,,
0 0 0 0 0 0 0 0 0 0 ,,,,,,
0 0 0 0 0 0 0 0 0 0 ,,,,,,
0 0 0 0 0 0 0 0 0 0 ,,,,,,
0 0 0 0 0 0 0 0 0 0 ,,,,,,
0 0 0 0 0 0 0 0 0 0 ,,,,,,
0 0 0 0 0 0 0 0 0 0 ,,,,,,
0 0 0 0 0 0 0 0 0 0 ,,,,,,
0 0 0 0 0 0 0 0 0 0 ,,,,,,
Index: 40,,,,,,
0 0 0 0 0 0 0 0 0 0 ,,,,,,
0 0 0 0 0 0 0 0 0 0 ,,,,,,
0 0 0 0 0 0 0 0 0 0 ,,,,,,
0 0 0 0 0 0 0 0 0 0 ,,,,,,
0 0 0 0 0 0 0 0 0 0 ,,,,,,
0 0 0 0 0 0 0 0 0 0 ,,,,,,
0 0 0 0 0 0 0 0 0 0 ,,,,,,
0 0 0 0 0 0 0 0 0 0 ,,,,,,
0 0 0 0 0 0 0 0 0 0 ,,,,,,
0 0 0 0 0 0 0 0 0 0 ,,,,,,
Index: 41,,,,,,
0 0 0 0 0 0 0 0 0 0 ,,,,,,
0 0 0 0 0 0 0 0 0 0 ,,,,,,
0 0 0 0 0 0 0 0 0 0 ,,,,,,
0 0 0 0 0 0 0 0 0 0 ,,,,,,
0 0 0 0 0 0 0 0 0 0 ,,,,,,
0 0 0 0 0 0 0 0 0 0 ,,,,,,
0 0 0 0 0 0 0 0 0 0 ,,,,,,
0 0 0 0 0 0 0 0 0 0 ,,,,,,
0 0 0 0 0 0 0 0 0 0 ,,,,,,
0 0 0 0 0 0 0 0 0 0 ,,,,,,
Index: 42,,,,,,
0 0 0 0 0 0 0 0 0 0 ,,,,,,
0 0 0 0 0 0 0 0 0 0 ,,,,,,
0 0 0 0 0 0 0 0 0 0 ,,,,,,
0 0 0 0 0 0 0 0 0 0 ,,,,,,
0 0 0 0 0 0 0 0 0 0 ,,,,,,
0 0 0 0 0 0 0 0 0 0 ,,,,,,
0 0 0 0 0 0 0 0 0 0 ,,,,,,
0 0 0 0 0 0 0 0 0 0 ,,,,,,
0 0 0 0 0 0 0 0 0 0 ,,,,,,
0 0 0 0 0 0 0 0 0 0 ,,,,,,
Index: 43,,,,,,
0 0 0 0 0 0 0 0 0 0 ,,,,,,
0 0 0 0 0 0 0 0 0 0 ,,,,,,
0 0 0 0 0 0 0 0 0 0 ,,,,,,
0 0 0 0 0 0 0 0 0 0 ,,,,,,
0 0 0 0 0 0 0 0 0 0 ,,,,,,
0 0 0 0 0 0 0 0 0 0 ,,,,,,
0 0 0 0 0 0 0 0 0 0 ,,,,,,
0 0 0 0 0 0 0 0 0 0 ,,,,,,
0 0 0 0 0 0 0 0 0 0 ,,,,,,
0 0 0 0 0 0 0 0 0 0 ,,,,,,
Index: 44,,,,,,
0 0 0 0 0 0 0 0 0 0 ,,,,,,
0 0 0 0 0 0 0 0 0 0 ,,,,,,
0 0 0 0 0 0 0 0 0 0 ,,,,,,
0 0 0 0 0 0 0 0 0 0 ,,,,,,
0 0 0 0 0 0 0 0 0 0 ,,,,,,
0 0 0 0 0 0 0 0 0 0 ,,,,,,
0 0 0 0 0 0 0 0 0 0 ,,,,,,
0 0 0 0 0 0 0 0 0 0 ,,,,,,
0 0 0 0 0 0 0 0 0 0 ,,,,,,
0 0 0 0 0 0 0 0 0 0 ,,,,,,
Index: 45,,,,,,
0 0 0 0 0 0 0 0 0 0 ,,,,,,
0 0 0 0 0 0 0 0 0 0 ,,,,,,
0 0 0 0 0 0 0 0 0 0 ,,,,,,
0 0 0 0 0 0 0 0 0 0 ,,,,,,
0 0 0 0 0 0 0 0 0 0 ,,,,,,
0 0 0 0 0 0 0 0 0 0 ,,,,,,
0 0 0 0 0 0 0 0 0 0 ,,,,,,
0 0 0 0 0 0 0 0 0 0 ,,,,,,
0 0 0 0 0 0 0 0 0 0 ,,,,,,
0 0 0 0 0 0 0 0 0 0 ,,,,,,
Index: 46,,,,,,
0 0 0 0 0 0 0 0 0 0 ,,,,,,
0 0 0 0 0 0 0 0 0 0 ,,,,,,
0 0 0 0 0 0 0 0 0 0 ,,,,,,
0 0 0 0 0 0 0 0 0 0 ,,,,,,
0 0 0 0 0 0 0 0 0 0 ,,,,,,
0 0 0 0 0 0 0 0 0 0 ,,,,,,
0 0 0 0 0 0 0 0 0 0 ,,,,,,
0 0 0 0 0 0 0 0 0 0 ,,,,,,
0 0 0 0 0 0 0 0 0 0 ,,,,,,
0 0 0 0 0 0 0 0 0 0 ,,,,,,
Index: 47,,,,,,
0 0 0 0 0 0 0 0 0 0 ,,,,,,
0 0 0 0 0 0 0 0 0 0 ,,,,,,
0 0 0 0 0 0 0 0 0 0 ,,,,,,
0 0 0 0 0 0 0 0 0 0 ,,,,,,
0 0 0 0 0 0 0 0 0 0 ,,,,,,
0 0 0 0 0 0 0 0 0 0 ,,,,,,
0 0 0 0 0 0 0 0 0 0 ,,,,,,
0 0 0 0 0 0 0 0 0 0 ,,,,,,
0 0 0 0 0 0 0 0 0 0 ,,,,,,
0 0 0 0 0 0 0 0 0 0 ,,,,,,
Index: 48,,,,,,
0 0 0 0 0 0 0 0 0 0 ,,,,,,
0 0 0 0 0 0 0 0 0 0 ,,,,,,
0 0 0 0 0 0 0 0 0 0 ,,,,,,
0 0 0 0 0 0 0 0 0 0 ,,,,,,
0 0 0 0 0 0 0 0 0 0 ,,,,,,
0 0 0 0 0 0 0 0 0 0 ,,,,,,
0 0 0 0 0 0 0 0 0 0 ,,,,,,
0 0 0 0 0 0 0 0 0 0 ,,,,,,
0 0 0 0 0 0 0 0 0 0 ,,,,,,
0 0 0 0 0 0 0 0 0 0 ,,,,,,
Index: 49,,,,,,
0 0 0 0 0 0 0 0 0 0 ,,,,,,
0 0 0 0 0 0 0 0 0 0 ,,,,,,
0 0 0 0 0 0 0 0 0 0 ,,,,,,
0 0 0 0 0 0 0 0 0 0 ,,,,,,
0 0 0 0 0 0 0 0 0 0 ,,,,,,
0 0 0 0 0 0 0 0 0 0 ,,,,,,
0 0 0 0 0 0 0 0 0 0 ,,,,,,
0 0 0 0 0 0 0 0 0 0 ,,,,,,
0 0 0 0 0 0 0 0 0 0 ,,,,,,
0 0 0 0 0 0 0 0 0 0 ,,,,,,
Index: 50,,,,,,
0 0 1 0 0 0 0 0 0 0 ,,,,,,
0 0 0 0 0 0 0 0 0 0 ,,,,,,
0 0 0 0 0 0 0 0 0 0 ,,,,,,
0 0 0 0 0 0 0 0 0 0 ,,,,,,
0 0 0 0 0 0 0 0 0 0 ,,,,,,
0 0 0 0 0 0 0 0 0 0 ,,,,,,
0 0 0 0 0 0 0 0 0 0 ,,,,,,
0 0 0 0 0 0 0 0 0 1 ,,,,,,
0 0 0 0 0 0 0 0 0 0 ,,,,,,
0 0 0 0 0 0 0 0 1 1 ,,,,,,
